{"cameraMode":{"drawMode":0,"name":"Shaded","section":"Shading Mode"},"sceneLighting":true,"audioPlay":false,"sceneViewState":{"showFog":true,"showMaterialUpdate":false,"showSkybox":true,"showFlares":true,"showImageEffects":true,"showParticleSystems":true},"in2DMode":false,"pivot":{"x":6.303915977478027,"y":7.62261962890625,"z":-79.82373046875},"rotation":{"x":-0.21285371482372285,"y":0.0070289368741214279,"z":-0.0015313017647713423,"w":-0.9770575165748596},"size":325.52008056640627,"orthographic":false}